data_mass,data_mass_er,data_N_XRB
0.7861587592644792,1.9194666348338798,17
1.1014221213220539,1.02413832727074,10
1.4037807105758857,1.1248160559757658,4
2.489452136025526,1.4542546975852648,14
2.5536465854309904,1.2430688069560545,8
2.9688325779797915,0.4102047835618509,12
3.0751861660905213,1.990577033289165,13
3.157097023622893,1.3494789875099138,9
3.1889469351458613,0.6902302152979107,13
3.2613504457625817,1.0062528676271658,7
3.9450958535381675,0.6765431843438936,12
3.97542628166144,0.6409394913023715,21
3.995071816507824,0.6056899335735724,17
4.006004827271937,1.2635570996199836,17
4.530089077441422,1.6834575419264908,18
4.552430530116946,0.8199957814435461,12
4.601178475479749,1.325206732645369,12
4.761403594065799,1.2733597016346838,31
4.84899897973769,0.7674428617088539,19
4.8708886406220175,0.7170302600758854,16
5.058399767918705,0.6068608513447862,7
5.326486439664593,0.8700784562089079,20
5.515893955993387,0.6431399206445598,14
5.968242171515698,1.6456205010110665,21
6.00060411353839,0.9851529582867843,22
6.113721427709868,1.2159253790040077,25
6.361469048407684,0.8962732967529852,18
6.493220301486476,0.647475812429591,21
6.626146305165204,1.1260054438996878,17
6.710904592354913,1.0639006179890858,23
6.932155420989526,1.8764367756346338,27
7.140644166045519,1.075159088483299,31
7.303467105815117,2.703876592046435,33
7.616512544568911,0.9105917238566686,38
7.847986047535364,1.7864009474957498,35
8.064103823976952,1.318074749557735,18
8.535140956126648,1.13204425929026,40
8.552154490313349,1.4730585276280304,47
9.032979480653609,0.8751973574953412,34
9.212038701790314,1.7445102601001186,37
10.147708497254593,1.437292097678092,35
10.16426429754811,1.279745311721448,51
10.224205139039125,1.7980501997921525,42
10.235165508792416,2.704639390076421,33
10.413101445234126,2.1338296291165264,22
10.564464348822963,2.2717427254563765,50
10.727120850789957,1.936596110381514,38
10.820149665690876,1.8259020330388362,45
10.97497886428076,1.4350166512427671,43
11.639788943972027,2.385846376347068,62
11.758675368520537,1.3402112121725258,33
11.849192897842267,1.8857525272392985,36
11.96282510826005,1.981929968140152,51
12.061513847917423,1.5793887591027482,42
12.121270569935799,4.541281903879625,94
12.191737487898054,2.040004743901636,56
12.219471825286966,3.144715441569989,57
12.445919303173387,1.2859581517296377,48
12.47396424199668,1.5630505528334644,50
12.683761282125525,1.9448858532572535,53
12.808292892524396,2.875503021973192,52
13.032951519311114,4.478040991370713,35
13.05340325979889,2.0534724637765778,67
13.208591825619504,2.7107962684300353,49
13.380646589196317,2.3048456997939706,47
13.43281982874531,2.0555586809616124,56
13.615708188213096,1.471676548607448,67
13.622239089836608,2.855048344613027,41
13.791332194170074,2.085986754756001,52
13.830065664027883,2.2437250593031957,65
13.83612826091733,1.9829271627733185,93
14.147122718712415,2.4744264099114464,61
14.217743998540813,1.6047704562369698,58
14.270356326778526,1.4017112381383758,54
14.794291965961376,2.527890337552977,88
15.12527665244777,1.7180353319649824,80
15.230661345140913,1.9221728476611708,52
15.285491022857343,1.803346045157492,76
15.332298638858669,1.6548354981371691,59
15.690583815905566,4.016451763802067,67
16.537112059093158,2.8021352980583654,79
16.57799355620803,3.0152219890362417,44
16.661717511635302,2.0816327333889193,67
16.851958569581477,2.5571397416308064,81
16.854277340681257,2.353617942949289,56
17.224045246504957,1.6708431338615681,58
17.923323585732607,2.186276400704541,90
17.99850330117238,3.6693848628407943,99
18.09868968955566,2.618716200325042,81
18.383432962866614,2.6062716945295685,66
18.927291915481906,1.9550405603695729,101
19.132071658652944,4.613588359956138,121
19.23464108715967,2.7653933171871192,76
19.664610298052917,2.5882043793296567,106
19.865656832590666,3.5344542078025816,111
20.6627534490283,2.1648342054233827,88
22.388002744759536,3.1968288951585064,81
23.848297221253627,2.4559640126454085,118
24.441277609465,2.4078765808964486,112
26.67687747013861,4.651496190477584,92
